{
  "id": "2147014",
  "name": "geovis-app",
  "font_family": "iconfont",
  "css_prefix_text": "icon-",
  "description": "",
  "glyphs": [
    {
      "icon_id": "577390",
      "name": "坐标",
      "font_class": "zuobiao",
      "unicode": "e769",
      "unicode_decimal": 59241
    },
    {
      "icon_id": "847442",
      "name": "模型",
      "font_class": "moxing",
      "unicode": "e6f0",
      "unicode_decimal": 59120
    },
    {
      "icon_id": "852113",
      "name": "工具箱",
      "font_class": "gongjuxiang",
      "unicode": "e65b",
      "unicode_decimal": 58971
    },
    {
      "icon_id": "1128773",
      "name": "模型",
      "font_class": "moxing1",
      "unicode": "e7ba",
      "unicode_decimal": 59322
    },
    {
      "icon_id": "1374552",
      "name": "通信",
      "font_class": "tongxin",
      "unicode": "e603",
      "unicode_decimal": 58883
    },
    {
      "icon_id": "6671158",
      "name": "坐标转换",
      "font_class": "zuobiaozhuanhuan",
      "unicode": "e65c",
      "unicode_decimal": 58972
    },
    {
      "icon_id": "6943651",
      "name": "气象仪",
      "font_class": "qixiangyi",
      "unicode": "e65d",
      "unicode_decimal": 58973
    },
    {
      "icon_id": "8124588",
      "name": "目标关系图",
      "font_class": "mubiaoguanxitu",
      "unicode": "e65e",
      "unicode_decimal": 58974
    },
    {
      "icon_id": "8387842",
      "name": "目标管理",
      "font_class": "mubiaoguanli",
      "unicode": "e6ae",
      "unicode_decimal": 59054
    },
    {
      "icon_id": "8406412",
      "name": "海洋石油工程设备",
      "font_class": "haiyangshiyougongchengshebei",
      "unicode": "e65f",
      "unicode_decimal": 58975
    },
    {
      "icon_id": "10307207",
      "name": "海洋学院1",
      "font_class": "haiyangxueyuan",
      "unicode": "e660",
      "unicode_decimal": 58976
    },
    {
      "icon_id": "11994848",
      "name": "气象资料与海温场",
      "font_class": "qixiangziliaoyuhaiwenchang",
      "unicode": "e661",
      "unicode_decimal": 58977
    },
    {
      "icon_id": "12686565",
      "name": "模型",
      "font_class": "icon_moxing-",
      "unicode": "e662",
      "unicode_decimal": 58978
    },
    {
      "icon_id": "166648",
      "name": "文字",
      "font_class": "wenzi",
      "unicode": "e645",
      "unicode_decimal": 58949
    },
    {
      "icon_id": "436210",
      "name": "check",
      "font_class": "check",
      "unicode": "e605",
      "unicode_decimal": 58885
    },
    {
      "icon_id": "593514",
      "name": "圆",
      "font_class": "weibiaoti38",
      "unicode": "e646",
      "unicode_decimal": 58950
    },
    {
      "icon_id": "1163633",
      "name": "线路",
      "font_class": "xianlu",
      "unicode": "e647",
      "unicode_decimal": 58951
    },
    {
      "icon_id": "1166331",
      "name": "测量距离",
      "font_class": "chizi",
      "unicode": "e648",
      "unicode_decimal": 58952
    },
    {
      "icon_id": "1200199",
      "name": "文字",
      "font_class": "wenzi1",
      "unicode": "e649",
      "unicode_decimal": 58953
    },
    {
      "icon_id": "1713968",
      "name": "62-全部边框",
      "font_class": "-quanbubiankuang",
      "unicode": "e64a",
      "unicode_decimal": 58954
    },
    {
      "icon_id": "1804654",
      "name": "三角尺",
      "font_class": "sanjiaochi",
      "unicode": "e64b",
      "unicode_decimal": 58955
    },
    {
      "icon_id": "2278053",
      "name": "居中",
      "font_class": "juzhong",
      "unicode": "e64c",
      "unicode_decimal": 58956
    },
    {
      "icon_id": "2404405",
      "name": "字体颜色",
      "font_class": "zitiyanse",
      "unicode": "e64d",
      "unicode_decimal": 58957
    },
    {
      "icon_id": "2407259",
      "name": "下拉",
      "font_class": "tubiao-",
      "unicode": "e654",
      "unicode_decimal": 58964
    },
    {
      "icon_id": "2678570",
      "name": "保存",
      "font_class": "baocun",
      "unicode": "e64e",
      "unicode_decimal": 58958
    },
    {
      "icon_id": "3217841",
      "name": "图片",
      "font_class": "icon-",
      "unicode": "e64f",
      "unicode_decimal": 58959
    },
    {
      "icon_id": "4166170",
      "name": "图片",
      "font_class": "tupian",
      "unicode": "e650",
      "unicode_decimal": 58960
    },
    {
      "icon_id": "4553726",
      "name": "居中",
      "font_class": "juzhong1",
      "unicode": "e7db",
      "unicode_decimal": 59355
    },
    {
      "icon_id": "5485666",
      "name": "图片",
      "font_class": "tupian1",
      "unicode": "e651",
      "unicode_decimal": 58961
    },
    {
      "icon_id": "5609243",
      "name": "箭头",
      "font_class": "icon-test",
      "unicode": "e601",
      "unicode_decimal": 58881
    },
    {
      "icon_id": "6052579",
      "name": "背景",
      "font_class": "background",
      "unicode": "e652",
      "unicode_decimal": 58962
    },
    {
      "icon_id": "6057503",
      "name": "删除",
      "font_class": "delete",
      "unicode": "e653",
      "unicode_decimal": 58963
    },
    {
      "icon_id": "6076832",
      "name": "字体加粗",
      "font_class": "font-weight",
      "unicode": "e655",
      "unicode_decimal": 58965
    },
    {
      "icon_id": "6076864",
      "name": "斜体",
      "font_class": "Italic",
      "unicode": "e656",
      "unicode_decimal": 58966
    },
    {
      "icon_id": "6077145",
      "name": "下划线",
      "font_class": "Underline",
      "unicode": "e657",
      "unicode_decimal": 58967
    },
    {
      "icon_id": "6077307",
      "name": "居中",
      "font_class": "Middle",
      "unicode": "e658",
      "unicode_decimal": 58968
    },
    {
      "icon_id": "6077341",
      "name": "右对齐",
      "font_class": "Right-alignment",
      "unicode": "e659",
      "unicode_decimal": 58969
    },
    {
      "icon_id": "6077372",
      "name": "左对齐",
      "font_class": "left-alignment",
      "unicode": "e65a",
      "unicode_decimal": 58970
    },
    {
      "icon_id": "6266248",
      "name": "矩形",
      "font_class": "juxing",
      "unicode": "e790",
      "unicode_decimal": 59280
    },
    {
      "icon_id": "6270931",
      "name": "截图",
      "font_class": "jietu",
      "unicode": "e795",
      "unicode_decimal": 59285
    },
    {
      "icon_id": "36107",
      "name": "面积",
      "font_class": "mianji",
      "unicode": "e600",
      "unicode_decimal": 58880
    },
    {
      "icon_id": "1225393",
      "name": "up",
      "font_class": "up",
      "unicode": "e6a9",
      "unicode_decimal": 59049
    },
    {
      "icon_id": "1488753",
      "name": "up",
      "font_class": "up1",
      "unicode": "e675",
      "unicode_decimal": 58997
    },
    {
      "icon_id": "5633920",
      "name": "check-square",
      "font_class": "check-square",
      "unicode": "ef69",
      "unicode_decimal": 61289
    },
    {
      "icon_id": "9960693",
      "name": "iconfont图标_折线",
      "font_class": "iconfonttubiao_zhexian",
      "unicode": "e606",
      "unicode_decimal": 58886
    },
    {
      "icon_id": "9960694",
      "name": "iconfont图标_直线",
      "font_class": "iconfonttubiao_zhixian",
      "unicode": "e607",
      "unicode_decimal": 58887
    },
    {
      "icon_id": "9960695",
      "name": "iconfont图标_天际线",
      "font_class": "iconfonttubiao_tianjixian",
      "unicode": "e608",
      "unicode_decimal": 58888
    },
    {
      "icon_id": "9960696",
      "name": "iconfont图标_地形",
      "font_class": "iconfonttubiao_dixing",
      "unicode": "e609",
      "unicode_decimal": 58889
    },
    {
      "icon_id": "9960697",
      "name": "专业工具类",
      "font_class": "iconfonttubiao_biaozhu",
      "unicode": "e60a",
      "unicode_decimal": 58890
    },
    {
      "icon_id": "9960698",
      "name": "iconfont图标_环绕飞行",
      "font_class": "iconfonttubiao_huanraofeihang",
      "unicode": "e60b",
      "unicode_decimal": 58891
    },
    {
      "icon_id": "9960699",
      "name": "iconfont图标_通视分析",
      "font_class": "iconfonttubiao_tongshifenxi",
      "unicode": "e60c",
      "unicode_decimal": 58892
    },
    {
      "icon_id": "9960700",
      "name": "iconfont图标_飞行预览",
      "font_class": "iconfonttubiao_feihangyulan",
      "unicode": "e60d",
      "unicode_decimal": 58893
    },
    {
      "icon_id": "9960701",
      "name": "iconfont图标_剖面分析",
      "font_class": "iconfonttubiao_poumianfenxi",
      "unicode": "e60e",
      "unicode_decimal": 58894
    },
    {
      "icon_id": "9960702",
      "name": "iconfont图标_录像",
      "font_class": "iconfonttubiao_luxiang",
      "unicode": "e60f",
      "unicode_decimal": 58895
    },
    {
      "icon_id": "9960703",
      "name": "iconfont图标_高度",
      "font_class": "iconfonttubiao_gaodu",
      "unicode": "e610",
      "unicode_decimal": 58896
    },
    {
      "icon_id": "9960704",
      "name": "iconfont图标_定点飞行",
      "font_class": "iconfonttubiao_dingdianfeihang",
      "unicode": "e611",
      "unicode_decimal": 58897
    },
    {
      "icon_id": "9960705",
      "name": "iconfont图标_体积",
      "font_class": "iconfonttubiao_tiji",
      "unicode": "e612",
      "unicode_decimal": 58898
    },
    {
      "icon_id": "9960706",
      "name": "iconfont图标_日照",
      "font_class": "iconfonttubiao_rizhao",
      "unicode": "e613",
      "unicode_decimal": 58899
    },
    {
      "icon_id": "9960707",
      "name": "iconfont图标_单体化",
      "font_class": "iconfonttubiao_dantihua",
      "unicode": "e614",
      "unicode_decimal": 58900
    },
    {
      "icon_id": "9960708",
      "name": "iconfont图标_快拼图",
      "font_class": "iconfonttubiao_kuaipintu",
      "unicode": "e633",
      "unicode_decimal": 58931
    },
    {
      "icon_id": "9960709",
      "name": "iconfont图标_三维模型",
      "font_class": "iconfonttubiao_sanweimoxing",
      "unicode": "e634",
      "unicode_decimal": 58932
    },
    {
      "icon_id": "9960710",
      "name": "iconfont图标_压平",
      "font_class": "iconfonttubiao_yaping",
      "unicode": "e635",
      "unicode_decimal": 58933
    },
    {
      "icon_id": "9960711",
      "name": "iconfont图标_矢量数据",
      "font_class": "iconfonttubiao_shiliangshuju",
      "unicode": "e636",
      "unicode_decimal": 58934
    },
    {
      "icon_id": "9960712",
      "name": "iconfont图标_调查点",
      "font_class": "iconfonttubiao_tiaochadian",
      "unicode": "e637",
      "unicode_decimal": 58935
    },
    {
      "icon_id": "9960713",
      "name": "iconfont图标_图片",
      "font_class": "iconfonttubiao_tupian",
      "unicode": "e638",
      "unicode_decimal": 58936
    },
    {
      "icon_id": "9960714",
      "name": "iconfont图标_正射图",
      "font_class": "iconfonttubiao_zhengshetu",
      "unicode": "e639",
      "unicode_decimal": 58937
    },
    {
      "icon_id": "9960715",
      "name": "iconfont图标_量测",
      "font_class": "iconfonttubiao_liangce",
      "unicode": "e63a",
      "unicode_decimal": 58938
    },
    {
      "icon_id": "9960716",
      "name": "iconfont图标_全景图",
      "font_class": "iconfonttubiao_quanjingtu",
      "unicode": "e63b",
      "unicode_decimal": 58939
    },
    {
      "icon_id": "9960717",
      "name": "iconfont图标_栅格数据",
      "font_class": "iconfonttubiao_zhageshuju",
      "unicode": "e63c",
      "unicode_decimal": 58940
    },
    {
      "icon_id": "9960718",
      "name": "iconfont图标_地形数据",
      "font_class": "iconfonttubiao_dixingshuju",
      "unicode": "e63d",
      "unicode_decimal": 58941
    },
    {
      "icon_id": "9960719",
      "name": "iconfont图标_视频直播",
      "font_class": "iconfonttubiao_shipinzhibo",
      "unicode": "e63e",
      "unicode_decimal": 58942
    },
    {
      "icon_id": "9960720",
      "name": "iconfont图标_淹没分析",
      "font_class": "iconfonttubiao_yanmeifenxi",
      "unicode": "e63f",
      "unicode_decimal": 58943
    },
    {
      "icon_id": "9960721",
      "name": "iconfont图标_面积",
      "font_class": "iconfonttubiao_mianji",
      "unicode": "e640",
      "unicode_decimal": 58944
    },
    {
      "icon_id": "9960722",
      "name": "iconfont图标_文本标注",
      "font_class": "iconfonttubiao_wenbenbiaozhu",
      "unicode": "e641",
      "unicode_decimal": 58945
    },
    {
      "icon_id": "9960723",
      "name": "iconfont图标_分析",
      "font_class": "iconfonttubiao_fenxi",
      "unicode": "e642",
      "unicode_decimal": 58946
    },
    {
      "icon_id": "9960724",
      "name": "iconfont图标_裁剪",
      "font_class": "iconfonttubiao_caijian",
      "unicode": "e643",
      "unicode_decimal": 58947
    },
    {
      "icon_id": "11328495",
      "name": "边框颜色",
      "font_class": "biankuangyanse",
      "unicode": "e644",
      "unicode_decimal": 58948
    },
    {
      "icon_id": "7826086",
      "name": "more_horiz",
      "font_class": "baseline-more_horiz-px",
      "unicode": "e617",
      "unicode_decimal": 58903
    },
    {
      "icon_id": "7826087",
      "name": "chevron_right",
      "font_class": "baseline-chevron_right-px",
      "unicode": "e618",
      "unicode_decimal": 58904
    },
    {
      "icon_id": "7826088",
      "name": "menu",
      "font_class": "baseline-menu-px",
      "unicode": "e623",
      "unicode_decimal": 58915
    },
    {
      "icon_id": "7826089",
      "name": "radio_button_unchecked",
      "font_class": "baseline-radio_button_unchecked-px",
      "unicode": "e624",
      "unicode_decimal": 58916
    },
    {
      "icon_id": "7826090",
      "name": "radio_button_checked",
      "font_class": "baseline-radio_button_checked-px",
      "unicode": "e625",
      "unicode_decimal": 58917
    },
    {
      "icon_id": "7826091",
      "name": "check_box_outline_blank",
      "font_class": "baseline-check_box_outline_blank-px",
      "unicode": "e626",
      "unicode_decimal": 58918
    },
    {
      "icon_id": "7826092",
      "name": "star_half",
      "font_class": "baseline-star_half-px",
      "unicode": "e627",
      "unicode_decimal": 58919
    },
    {
      "icon_id": "7826093",
      "name": "star_border",
      "font_class": "baseline-star_border-px",
      "unicode": "e628",
      "unicode_decimal": 58920
    },
    {
      "icon_id": "7826094",
      "name": "expand_less",
      "font_class": "baseline-expand_less-px",
      "unicode": "e629",
      "unicode_decimal": 58921
    },
    {
      "icon_id": "7826095",
      "name": "check_box",
      "font_class": "baseline-check_box-px",
      "unicode": "e62a",
      "unicode_decimal": 58922
    },
    {
      "icon_id": "7826096",
      "name": "star",
      "font_class": "baseline-star-px",
      "unicode": "e62b",
      "unicode_decimal": 58923
    },
    {
      "icon_id": "7826097",
      "name": "expand_more",
      "font_class": "baseline-expand_more-px",
      "unicode": "e62c",
      "unicode_decimal": 58924
    },
    {
      "icon_id": "7826098",
      "name": "chevron_left",
      "font_class": "baseline-chevron_left-px",
      "unicode": "e62d",
      "unicode_decimal": 58925
    },
    {
      "icon_id": "7826368",
      "name": "clear",
      "font_class": "baseline-clear-px",
      "unicode": "e62e",
      "unicode_decimal": 58926
    },
    {
      "icon_id": "7826369",
      "name": "remove",
      "font_class": "baseline-remove-px",
      "unicode": "e62f",
      "unicode_decimal": 58927
    },
    {
      "icon_id": "7826370",
      "name": "volume_up",
      "font_class": "baseline-volume_up-px",
      "unicode": "e630",
      "unicode_decimal": 58928
    },
    {
      "icon_id": "7826371",
      "name": "add",
      "font_class": "baseline-add-px",
      "unicode": "e631",
      "unicode_decimal": 58929
    },
    {
      "icon_id": "7826372",
      "name": "check_circle_outline",
      "font_class": "baseline-check_circle_outline-px",
      "unicode": "e632",
      "unicode_decimal": 58930
    },
    {
      "icon_id": "7826084",
      "name": "check",
      "font_class": "baseline-check-px",
      "unicode": "e615",
      "unicode_decimal": 58901
    },
    {
      "icon_id": "7826085",
      "name": "close",
      "font_class": "baseline-close-px",
      "unicode": "e616",
      "unicode_decimal": 58902
    },
    {
      "icon_id": "7826373",
      "name": "delete_forever",
      "font_class": "baseline-delete_forever-px",
      "unicode": "e619",
      "unicode_decimal": 58905
    },
    {
      "icon_id": "7826374",
      "name": "check_circle",
      "font_class": "baseline-check_circle-px",
      "unicode": "e61a",
      "unicode_decimal": 58906
    },
    {
      "icon_id": "7826375",
      "name": "help",
      "font_class": "baseline-help-px",
      "unicode": "e61b",
      "unicode_decimal": 58907
    },
    {
      "icon_id": "7826376",
      "name": "home",
      "font_class": "baseline-home-px",
      "unicode": "e61c",
      "unicode_decimal": 58908
    },
    {
      "icon_id": "7826377",
      "name": "sort",
      "font_class": "baseline-sort-px",
      "unicode": "e61d",
      "unicode_decimal": 58909
    },
    {
      "icon_id": "7826378",
      "name": "help_outline",
      "font_class": "baseline-help_outline-px",
      "unicode": "e61e",
      "unicode_decimal": 58910
    },
    {
      "icon_id": "7826379",
      "name": "description",
      "font_class": "baseline-description-px",
      "unicode": "e61f",
      "unicode_decimal": 58911
    },
    {
      "icon_id": "7826380",
      "name": "search",
      "font_class": "baseline-search-px",
      "unicode": "e620",
      "unicode_decimal": 58912
    },
    {
      "icon_id": "7826381",
      "name": "delete",
      "font_class": "baseline-delete-px",
      "unicode": "e621",
      "unicode_decimal": 58913
    },
    {
      "icon_id": "7826382",
      "name": "delete_outline",
      "font_class": "baseline-delete_outline-px",
      "unicode": "e622",
      "unicode_decimal": 58914
    }
  ]
}
